company_name,job_title,signal_type,location,posting_date,source,url
JeVeuxAider.gouv.fr,Bénévolat - Je facilite l'accès au sport pour des femmes touchées par le cancer et la précarité,treasury hire,"Villiers-sur-Marne, Île-de-France, France",2026-06-20,linkedin,https://fr.linkedin.com/jobs/view/b%C3%A9n%C3%A9volat-je-facilite-l-acc%C3%A8s-au-sport-pour-des-femmes-touch%C3%A9es-par-le-cancer-et-la-pr%C3%A9carit%C3%A9-at-jeveuxaider-gouv-fr-4430047341?position=7&pageNum=0&refId=RSCf0wySayLHU7oyWhV07w%3D%3D&trackingId=9vwNvFedI7s1vNQHSn5bsA%3D%3D
Scaleway,Head Of Cyber Governance Risk & Compliance,AI/fintech hire,"Paris, Île-de-France, France",2026-06-20,linkedin,https://fr.linkedin.com/jobs/view/head-of-cyber-governance-risk-compliance-at-scaleway-4428513514?position=59&pageNum=0&refId=L%2FAvAXN5Wbf0gyusGMeoyA%3D%3D&trackingId=x7zhruxaIg52LOmgStsiZg%3D%3D
Bras Droit des Dirigeants,DAF INDEPENDANT F/H,AI/fintech hire,"Cahors, Occitanie, France",2026-06-20,linkedin,https://fr.linkedin.com/jobs/view/daf-independant-f-h-at-bras-droit-des-dirigeants-4431199876?position=38&pageNum=0&refId=Zbfrr5pUoAAkdjXpHQK2hQ%3D%3D&trackingId=kxnMQn9ZBLqP0h8IpflKKw%3D%3D
Back Market,"Senior Manager, Commercial Brand Partnerships",AI/fintech hire,"Paris, Île-de-France, France",2026-06-19,linkedin,https://fr.linkedin.com/jobs/view/senior-manager-commercial-brand-partnerships-at-back-market-4430986712?position=58&pageNum=0&refId=L%2FAvAXN5Wbf0gyusGMeoyA%3D%3D&trackingId=YuGVgAzuqu4iE5C%2FXK2cFw%3D%3D
FAsup',Directeur / Directrice de CFA – CDI – Toulon,AI/fintech hire,"Toulon, Provence-Alpes-Côte d'Azur, France",2026-06-19,linkedin,https://fr.linkedin.com/jobs/view/directeur-directrice-de-cfa-%E2%80%93-cdi-%E2%80%93-toulon-at-fasup-4430959552?position=52&pageNum=0&refId=Zbfrr5pUoAAkdjXpHQK2hQ%3D%3D&trackingId=MvdrF8pM8EQ%2FuGpmUPQbSg%3D%3D
Theodo,Directeur de programme - CDI Paris - Theodo,AI/fintech hire,Greater Paris Metropolitan Region,2026-06-19,linkedin,https://fr.linkedin.com/jobs/view/directeur-de-programme-cdi-paris-theodo-at-theodo-4419419774?position=60&pageNum=0&refId=L%2FAvAXN5Wbf0gyusGMeoyA%3D%3D&trackingId=K1N6F2ufEIbNdZw8aVokpA%3D%3D
Cyberr,RSSI / CISO,AI/fintech hire,Greater Paris Metropolitan Region,2026-06-19,linkedin,https://fr.linkedin.com/jobs/view/rssi-ciso-at-cyberr-4429681275?position=57&pageNum=0&refId=L%2FAvAXN5Wbf0gyusGMeoyA%3D%3D&trackingId=n%2F%2FV9IiNnjogb69HzAXrQA%3D%3D
Lonza,"Senior Director, Global Head of Program Management DFS Nutra",AI/fintech hire,"Colmar, Grand Est, France",2026-06-19,linkedin,https://fr.linkedin.com/jobs/view/senior-director-global-head-of-program-management-dfs-nutra-at-lonza-4411351385?position=55&pageNum=0&refId=L%2FAvAXN5Wbf0gyusGMeoyA%3D%3D&trackingId=%2FQpowAzOYzfxYrB2JGg6Dw%3D%3D
Theodo,Directeur de projets RetailTech - CDI Paris - Theodo,AI/fintech hire,Greater Paris Metropolitan Region,2026-06-19,linkedin,https://fr.linkedin.com/jobs/view/directeur-de-projets-retailtech-cdi-paris-theodo-at-theodo-4404327272?position=56&pageNum=0&refId=L%2FAvAXN5Wbf0gyusGMeoyA%3D%3D&trackingId=ZVrZLDb%2F6wcn6UPhuXC8Bw%3D%3D
Blue Search Conseil,CTO/Directeur Technique et des Opérations,AI/fintech hire,"Paris, Île-de-France, France",2026-06-19,linkedin,https://fr.linkedin.com/jobs/view/cto-directeur-technique-et-des-op%C3%A9rations-at-blue-search-conseil-4384311176?position=54&pageNum=0&refId=L%2FAvAXN5Wbf0gyusGMeoyA%3D%3D&trackingId=U1CCEVkv2BdxQfrrt5cniw%3D%3D
Thales,Head of Engineering Delivery - HoED (F/H),AI/fintech hire,"Brest, Brittany, France",2026-06-19,linkedin,https://fr.linkedin.com/jobs/view/head-of-engineering-delivery-hoed-f-h-at-thales-4410994926?position=53&pageNum=0&refId=L%2FAvAXN5Wbf0gyusGMeoyA%3D%3D&trackingId=BcSfAJuSm27FzNh7l8BB1w%3D%3D
Wavestone,Manager / Senior Manager – M&A IT / PMI,AI/fintech hire,"Paris, Île-de-France, France",2026-06-19,linkedin,https://fr.linkedin.com/jobs/view/manager-senior-manager-%E2%80%93-m-a-it-pmi-at-wavestone-4430986412?position=51&pageNum=0&refId=L%2FAvAXN5Wbf0gyusGMeoyA%3D%3D&trackingId=Oif81DNuCm2tLWKwLkRGOw%3D%3D
QA Professional Community,Operations Director,AI/fintech hire,France,2026-06-20,linkedin,https://fr.linkedin.com/jobs/view/operations-director-at-qa-professional-community-4430090307?position=50&pageNum=0&refId=L%2FAvAXN5Wbf0gyusGMeoyA%3D%3D&trackingId=4qYVDrLuu6eVTxcP90GcRA%3D%3D
Crédit Agricole CIB,Gestionnaire Back Office Investigations H/F,AI/fintech hire,"Saint-Quentin-en-Yvelines, Île-de-France, France",2026-06-20,linkedin,https://fr.linkedin.com/jobs/view/gestionnaire-back-office-investigations-h-f-at-cr%C3%A9dit-agricole-cib-4431164682?position=52&pageNum=0&refId=L%2FAvAXN5Wbf0gyusGMeoyA%3D%3D&trackingId=%2BdUkyQWPoUm0D5h6v3zqug%3D%3D
Washington Frank International,Responsable Delivery ERP Finance,AI/fintech hire,Greater Paris Metropolitan Region,2026-06-19,linkedin,https://fr.linkedin.com/jobs/view/responsable-delivery-erp-finance-at-washington-frank-international-4428258532?position=49&pageNum=0&refId=L%2FAvAXN5Wbf0gyusGMeoyA%3D%3D&trackingId=8Snph%2Fhv1v9CDdBfpkY9VA%3D%3D
Monta,Enterprise Sales Director- France and Belgium,AI/fintech hire,"Paris, Île-de-France, France",2026-06-19,linkedin,https://fr.linkedin.com/jobs/view/enterprise-sales-director-france-and-belgium-at-monta-4402542280?position=48&pageNum=0&refId=L%2FAvAXN5Wbf0gyusGMeoyA%3D%3D&trackingId=2C0YEwLX0ir5JbWCuuyxYw%3D%3D
Revolut,Liquidity Risk Manager,AI/fintech hire,France,2026-06-19,linkedin,https://fr.linkedin.com/jobs/view/liquidity-risk-manager-at-revolut-4407383256?position=46&pageNum=0&refId=L%2FAvAXN5Wbf0gyusGMeoyA%3D%3D&trackingId=eGssOObwPaIAjN5bsdw8%2Fg%3D%3D
Stryker,Compliance Officer - ANZ,AI/fintech hire,"Paris, Île-de-France, France",2026-06-20,linkedin,https://fr.linkedin.com/jobs/view/compliance-officer-anz-at-stryker-4430083137?position=47&pageNum=0&refId=L%2FAvAXN5Wbf0gyusGMeoyA%3D%3D&trackingId=cQO1XyZKpiuLEehKoRimhQ%3D%3D
Arphia Partners,Global Head Regulatory CMC - Paris,AI/fintech hire,"Paris, Île-de-France, France",2026-06-19,linkedin,https://fr.linkedin.com/jobs/view/global-head-regulatory-cmc-paris-at-arphia-partners-4430968855?position=44&pageNum=0&refId=L%2FAvAXN5Wbf0gyusGMeoyA%3D%3D&trackingId=CQxFGoF5%2BsvDhgeZdLu4CQ%3D%3D
Soors,Business Analyst IA H/F,AI/fintech hire,"Charenton-le-Pont, Île-de-France, France",2026-06-19,linkedin,https://fr.linkedin.com/jobs/view/business-analyst-ia-h-f-at-soors-4431141606?position=60&pageNum=0&refId=inc%2FIx9NZHRTlxuqkCF80A%3D%3D&trackingId=a%2BslHrQn271jnd0Mv1SWyA%3D%3D
Deloitte,Senior Manager GBS-CSP F/H,AI/fintech hire,"La Défense, Île-de-France, France",2026-06-20,linkedin,https://fr.linkedin.com/jobs/view/senior-manager-gbs-csp-f-h-at-deloitte-4325787168?position=45&pageNum=0&refId=L%2FAvAXN5Wbf0gyusGMeoyA%3D%3D&trackingId=Ms8jlA2pnOJIQqRBaLhqLw%3D%3D
Scalian,Industry Leader Defense H/F,AI/fintech hire,"Paris, Île-de-France, France",2026-06-19,linkedin,https://fr.linkedin.com/jobs/view/industry-leader-defense-h-f-at-scalian-4420955089?position=42&pageNum=0&refId=L%2FAvAXN5Wbf0gyusGMeoyA%3D%3D&trackingId=pOlL7KpFbNx8K2NVIr5XfQ%3D%3D
eXalt,Product Owner/ Business Analyst - Parcours clients - Banque,AI/fintech hire,"Paris, Île-de-France, France",2026-06-19,linkedin,https://fr.linkedin.com/jobs/view/product-owner-business-analyst-parcours-clients-banque-at-exalt-4420810620?position=58&pageNum=0&refId=inc%2FIx9NZHRTlxuqkCF80A%3D%3D&trackingId=9%2FDFNk9YGvOdV1bgB8hseA%3D%3D
eXalt,Business Analyst @eXalt Niort,AI/fintech hire,"Niort, Nouvelle-Aquitaine, France",2026-06-19,linkedin,https://fr.linkedin.com/jobs/view/business-analyst-%40exalt-niort-at-exalt-4419791699?position=59&pageNum=0&refId=inc%2FIx9NZHRTlxuqkCF80A%3D%3D&trackingId=qokyERIYVfyEJRMTEXColg%3D%3D
Blue Search Conseil,CTO/CTIO,AI/fintech hire,"Courbevoie, Île-de-France, France",2026-06-19,linkedin,https://fr.linkedin.com/jobs/view/cto-ctio-at-blue-search-conseil-4034507816?position=41&pageNum=0&refId=L%2FAvAXN5Wbf0gyusGMeoyA%3D%3D&trackingId=ovrRdu3GTNkBUTTHNONtWg%3D%3D
Leihia,Business Analyst ERP - H/F,AI/fintech hire,"Cernay, Grand Est, France",2026-06-20,linkedin,https://fr.linkedin.com/jobs/view/business-analyst-erp-h-f-at-leihia-4431310983?position=57&pageNum=0&refId=inc%2FIx9NZHRTlxuqkCF80A%3D%3D&trackingId=SGibmhENa9o%2FJ3QKu5ww7A%3D%3D
Theodo,Industry Lead - CDI Paris - Wealth Management - Theodo,AI/fintech hire,"Paris, Île-de-France, France",2026-06-19,linkedin,https://fr.linkedin.com/jobs/view/industry-lead-cdi-paris-wealth-management-theodo-at-theodo-4368880695?position=40&pageNum=0&refId=L%2FAvAXN5Wbf0gyusGMeoyA%3D%3D&trackingId=VnXheRyNH8aPCom6GFiBUA%3D%3D
Square,Business Development Manager,payments hire,"Paris, Île-de-France, France",2026-06-19,linkedin,https://fr.linkedin.com/jobs/view/business-development-manager-at-square-4411663269?position=39&pageNum=0&refId=L%2FAvAXN5Wbf0gyusGMeoyA%3D%3D&trackingId=ePJr%2F6AA31RH9I81ICp6Ng%3D%3D
Thales,Chief Product Owner  - F/H,AI/fintech hire,"Meudon, Île-de-France, France",2026-06-19,linkedin,https://fr.linkedin.com/jobs/view/chief-product-owner-f-h-at-thales-4371401282?position=38&pageNum=0&refId=L%2FAvAXN5Wbf0gyusGMeoyA%3D%3D&trackingId=0kCtuUEVZRjkV0E8wmq60Q%3D%3D
,"29 treasury director Jobs in Paris, France, April 2026 | Glassdoor",treasury hire,,,tavily,"https://www.glassdoor.com/Job/treasury-director-jobs-SRCH_IM1080_KO0,17.htm"
,Treasury Manager jobs in France,treasury hire,,,tavily,https://www.efinancialcareers.de/en/jobs/treasury-manager/in-france-europe
,Head of Treasury : plus de 75 emplois (19 juin 2026) | Indeed,treasury hire,,,tavily,https://fr.indeed.com/q-head-of-treasury-emplois.html
,Offres d'emploi tresorier - Juin 2026 - Cadremploi.fr,treasury hire,,,tavily,https://www.cadremploi.fr/emploi/liste_offres?motscles=tresorier
,125 offres d'emploi Trésorier Groupe - France - LinkedIn,treasury hire,,,tavily,https://fr.linkedin.com/jobs/tr%C3%A9sorier-groupe-emplois
,Emplois : Tresorier europe (Besoin d'urgence!) - 2026 - Jooble,treasury hire,,,tavily,https://fr.jooble.org/emploi-tresorier-europe
,12+ offres de Head Of Payments en France 2026 | Salaires & postuler | BeBee,payments hire,,,tavily,https://bebee.com/fr/jobs/role/head-of-payments
,Head of Payment : plus de 100 emplois (17 juin 2026) | Indeed,payments hire,,,tavily,https://fr.indeed.com/q-head-of-payment-emplois.html
,Head of Payments | France | JobLeads.com,payments hire,,,tavily,https://www.jobleads.com/fr/job/head-of-payments--france--e1c07a8cd0ebc3a0258bfb438137a0742
,France FinTech publishes its updated position on PSR and DSP3 - France FinTech,payments hire,,,tavily,https://francefintech.org/en/france-fintech-publie-mise-a-jour-position-psr-dsp3-2
,The new EU Payments Rulebook (PSD3/PSR),payments hire,,,tavily,https://www.hsfkramer.com/notes/fsrandcorpcrime/2026-posts/the-new-eu-payments-rulebook-psd3-psr
,Position Paper on the Revised Payment Services Directive & Regulation - EFA - European Fintech Association,payments hire,,,tavily,https://eufintechs.com/position-paper-on-the-revised-payment-services-directive-regulation
,[XLS] AllCodeSets - ISO 20022,treasury hire,,,tavily,https://www.iso20022.org/sites/default/files/2022-11/ExternalCodeSets_3Q2022.xlsx
,"Faster, further and stronger with ISO 20022: the keys to a successful ...",treasury hire,,,tavily,https://wholesale.banking.societegenerale.com/en/news-insights/all-news-insights/news-details/news/faster-further-and-stronger-with-iso-20022-the-keys-to-a-successful-migration-1
,Understanding ISO 20022: Your guide to seamless migration,treasury hire,,,tavily,https://www.svb.com/iso20022/guide
,Jobs - Opera Tech Ventures,AI/fintech hire,,,tavily,https://www.operatechventures.com/jobs
,Open Banking : plus de 100 emplois (19 mai 2026) | Indeed,payments hire,,,tavily,https://fr.indeed.com/q-open-banking-emplois.html
,Jobs in France | Financial Services - Selby Jennings,AI/fintech hire,,,tavily,https://www.selbyjennings.com/en-us/jobs/lc-france
,"Offre n° 208LFXC Responsable national trésorerie, recouvrement et ...",payments hire,,,tavily,https://candidat.francetravail.fr/offres/recherche/detail/208LFXC
,Offre d'emploi TRESORIER (H/F) - 92 - Puteaux - 209FRGQ,treasury hire,,,tavily,https://candidat.francetravail.fr/offres/recherche/detail/209FRGQ
,Offre d'emploi Trésorier (H/F) - 972 - Martinique - 209DSDR | France Travail,treasury hire,,,tavily,https://candidat.francetravail.fr/offres/recherche/detail/209DSDR
,Offre d'emploi Lead AI Engineer (H/F) - 44 - Nantes - 208JHKH,payments hire,,,tavily,https://candidat.francetravail.fr/offres/recherche/detail/208JHKH
,Offre n° 209CYVK Chef de projets informatique Etudes (F/H),payments hire,,,tavily,https://candidat.francetravail.fr/offres/recherche/detail/209CYVK
,Offre d'emploi DBA (H/F) - 44 - Nantes - 209CBLG - France Travail,payments hire,,,tavily,https://candidat.francetravail.fr/offres/recherche/detail/209CBLG
,Responsable Trésorerie & Trade Finance H/F Michael Page,AI/fintech hire,,,tavily,https://www.hellowork.com/fr-fr/emplois/79735219.html
,Emploi Responsable de la trésorerie - Plus de 300 Offres - Hellowork,AI/fintech hire,,,tavily,https://www.hellowork.com/fr-fr/emploi/metier_responsable-tresorerie.html
,Offres d'emploi Responsable de la trésorerie Paris - Hellowork,AI/fintech hire,,,tavily,https://www.hellowork.com/fr-fr/emploi/metier_responsable-tresorerie-ville_paris-75000.html
,Finance Senior Financial Controller Paris H/F Flowdesk - Hellowork,AI/fintech hire,,,tavily,https://www.hellowork.com/fr-fr/emplois/78988739.html
,Emploi Product manager Paris (75000) - Plus de 450 Offres,treasury hire,,,tavily,https://www.hellowork.com/fr-fr/emploi/metier_product-manager-ville_paris-75000.html
,Agicap Recrutement : Opportunités d'Emploi et Carrière - Hellowork,AI/fintech hire,,,tavily,https://www.hellowork.com/fr-fr/entreprises/agicap-107127.html
Grafton Recruitment,Responsable Comptable et Financier H/F,payments hire,"Cestas, Nouvelle-Aquitaine, France",2026-06-19,linkedin,https://fr.linkedin.com/jobs/view/responsable-comptable-et-financier-h-f-at-grafton-recruitment-4417668647?position=60&pageNum=0&refId=mmx3yAjTrgGdSn1KGu%2BHOw%3D%3D&trackingId=ijYIG%2FYDxaBByMY0Rkpl1g%3D%3D
Free-Work,Chef de projet informatique technique informatique - Azure .Net -  Produits Logistique - ASAP et mission longue  (IT) / Freelance,AI/fintech hire,"Levallois-Perret, Île-de-France, France",2026-06-20,linkedin,https://fr.linkedin.com/jobs/view/chef-de-projet-informatique-technique-informatique-azure-net-produits-logistique-asap-et-mission-longue-it-freelance-at-free-work-4428509284?position=32&pageNum=0&refId=XmamKNCT9infoWQ774OOmw%3D%3D&trackingId=y053IYSbdWDGJmTGyOW8xQ%3D%3D
Worldline,Head of IFRS Norms (F/M),payments hire,"Puteaux, Île-de-France, France",2026-06-19,linkedin,https://fr.linkedin.com/jobs/view/head-of-ifrs-norms-f-m-at-worldline-4420276711?position=33&pageNum=0&refId=XmamKNCT9infoWQ774OOmw%3D%3D&trackingId=rL%2F6Uv0IJfet0GLKDVCOYQ%3D%3D
Sotheby's,Client Experience Coordinator,AI/fintech hire,"Paris, Île-de-France, France",2026-06-20,linkedin,https://fr.linkedin.com/jobs/view/client-experience-coordinator-at-sotheby-s-4421243637?position=30&pageNum=0&refId=XmamKNCT9infoWQ774OOmw%3D%3D&trackingId=xYVeZxgutGW8CC2fNR26jw%3D%3D
Novartis,APP - CHEF DE PRODUIT NEUROSCIENCE EN ALTERNANCE,AI/fintech hire,"Paris, Île-de-France, France",2026-06-19,linkedin,https://fr.linkedin.com/jobs/view/app-chef-de-produit-neuroscience-en-alternance-at-novartis-4428250839?position=29&pageNum=0&refId=XmamKNCT9infoWQ774OOmw%3D%3D&trackingId=VYkVd8O12KghxulA%2Fir77A%3D%3D
EssilorLuxottica,STAGE - Chef de produit junior Nikon Kodak H/F,AI/fintech hire,"Charenton-le-Pont, Île-de-France, France",2026-06-19,linkedin,https://fr.linkedin.com/jobs/view/stage-chef-de-produit-junior-nikon-kodak-h-f-at-essilorluxottica-4430973866?position=28&pageNum=0&refId=XmamKNCT9infoWQ774OOmw%3D%3D&trackingId=OCrHOr4fQGpvYIK%2FSafYXw%3D%3D
LECLERC LE POIRE SUR VIE,CHEF DE DEPARTEMENT PRODUITS FRAIS H/F - H/F,AI/fintech hire,"Osny, Île-de-France, France",2026-06-20,linkedin,https://fr.linkedin.com/jobs/view/chef-de-departement-produits-frais-h-f-h-f-at-leclerc-le-poire-sur-vie-4431307722?position=31&pageNum=0&refId=XmamKNCT9infoWQ774OOmw%3D%3D&trackingId=knxVZjEp40d72jEUbv8pLQ%3D%3D
Monoprix,Stage Chef de produit Rayon Garçon H/F,AI/fintech hire,"Clichy, Île-de-France, France",2026-06-20,linkedin,https://fr.linkedin.com/jobs/view/stage-chef-de-produit-rayon-gar%C3%A7on-h-f-at-monoprix-4381616574?position=27&pageNum=0&refId=XmamKNCT9infoWQ774OOmw%3D%3D&trackingId=6GBiXDQYR1DdJnbJEObcdg%3D%3D
OCP Répartition,Stage de 3 à 4 mois - Assistant(e) chef de produit H/F,AI/fintech hire,"St.-Ouen, Île-de-France, France",2026-06-19,linkedin,https://fr.linkedin.com/jobs/view/stage-de-3-%C3%A0-4-mois-assistant-e-chef-de-produit-h-f-at-ocp-r%C3%A9partition-4420623413?position=26&pageNum=0&refId=XmamKNCT9infoWQ774OOmw%3D%3D&trackingId=iIAUPbpP6QNRW0XiuatKHg%3D%3D
Shiseido,Stage - Assistant Chef de Produit Marketing Operationnel SHISEIDO EMEA H/F - Juillet 2026,AI/fintech hire,"Neuilly-sur-Seine, Île-de-France, France",2026-06-20,linkedin,https://fr.linkedin.com/jobs/view/stage-assistant-chef-de-produit-marketing-operationnel-shiseido-emea-h-f-juillet-2026-at-shiseido-4377976539?position=23&pageNum=0&refId=XmamKNCT9infoWQ774OOmw%3D%3D&trackingId=sRDK5gSxJfzh21nW9ADEng%3D%3D
Guerbet,Chef de Produit DI - Alternance,AI/fintech hire,"Villepinte, Île-de-France, France",2026-06-20,linkedin,https://fr.linkedin.com/jobs/view/chef-de-produit-di-alternance-at-guerbet-4428508985?position=24&pageNum=0&refId=XmamKNCT9infoWQ774OOmw%3D%3D&trackingId=fsNZu2jvQbjD8qOZn30l1Q%3D%3D
Prosol,Stage Chef de produit Marketing Fruits & Légumes H/F,AI/fintech hire,"Chaponnay, Auvergne-Rhône-Alpes, France",2026-06-19,linkedin,https://fr.linkedin.com/jobs/view/stage-chef-de-produit-marketing-fruits-l%C3%A9gumes-h-f-at-prosol-4428239851?position=21&pageNum=0&refId=XmamKNCT9infoWQ774OOmw%3D%3D&trackingId=5YUQAGLQ8CQ8L%2BWQZTh6GQ%3D%3D
WSA – Wonderful Sound for All,Chef de Produit Senior Signia H/F,AI/fintech hire,"Saint-Ouen, Centre-Val de Loire, France",2026-06-19,linkedin,https://fr.linkedin.com/jobs/view/chef-de-produit-senior-signia-h-f-at-wsa-%E2%80%93-wonderful-sound-for-all-4430035011?position=25&pageNum=0&refId=XmamKNCT9infoWQ774OOmw%3D%3D&trackingId=GafCY1f3vHzv1BpYzEsYpQ%3D%3D
Medline Europe,Assistant chef de produit (H/F) (gamme Pack Chirurgicaux),AI/fintech hire,"Montigny-le-Bretonneux, Île-de-France, France",2026-06-19,linkedin,https://fr.linkedin.com/jobs/view/assistant-chef-de-produit-h-f-gamme-pack-chirurgicaux-at-medline-europe-4421714204?position=22&pageNum=0&refId=XmamKNCT9infoWQ774OOmw%3D%3D&trackingId=i9vCVsV0E4ZO8D%2BNbCqD3g%3D%3D
Jacquet Brossard - Groupe Limagrain,ALTERNANCE - Assistant Chef de produit Brossard (H/F),AI/fintech hire,"Paris, Île-de-France, France",2026-06-20,linkedin,https://fr.linkedin.com/jobs/view/alternance-assistant-chef-de-produit-brossard-h-f-at-jacquet-brossard-groupe-limagrain-4428524941?position=17&pageNum=0&refId=XmamKNCT9infoWQ774OOmw%3D%3D&trackingId=eNYLK%2BfWX5QVECl62CEnLA%3D%3D
Auchan Retail,Stage Assistant(e) Chef de Produits F/H déco de Noël,AI/fintech hire,"Villeneuve-d’Ascq, Hauts-de-France, France",2026-06-19,linkedin,https://fr.linkedin.com/jobs/view/stage-assistant-e-chef-de-produits-f-h-d%C3%A9co-de-no%C3%ABl-at-auchan-retail-4429672227?position=19&pageNum=0&refId=XmamKNCT9infoWQ774OOmw%3D%3D&trackingId=nzSAlUKQoo2IdGOHPbKQlA%3D%3D
PHOENIX OCP,Stage de 3 à 4 mois - Assistant(e) chef de produit H/F,AI/fintech hire,"St.-Ouen, Île-de-France, France",2026-06-19,linkedin,https://fr.linkedin.com/jobs/view/stage-de-3-%C3%A0-4-mois-assistant-e-chef-de-produit-h-f-at-phoenix-ocp-4420609366?position=18&pageNum=0&refId=XmamKNCT9infoWQ774OOmw%3D%3D&trackingId=mPWH4FVLVoXKsr%2FqkNm2dA%3D%3D
Lacoste,STAGE ASSISTANT(E) CHEF DE PRODUIT CATEGORIE MAILLE - SPW FEMME,AI/fintech hire,"Paris, Île-de-France, France",2026-06-20,linkedin,https://fr.linkedin.com/jobs/view/stage-assistant-e-chef-de-produit-categorie-maille-spw-femme-at-lacoste-4380787587?position=20&pageNum=0&refId=XmamKNCT9infoWQ774OOmw%3D%3D&trackingId=odJDQv2WNPhXAEFLqyeF3g%3D%3D
Le Figaro,Chef de produit Marketing &amp; e-commerce Stage - H/F,AI/fintech hire,"Paris, Île-de-France, France",2026-06-19,linkedin,https://fr.linkedin.com/jobs/view/chef-de-produit-marketing-amp-e-commerce-stage-h-f-at-le-figaro-4430007535?position=16&pageNum=0&refId=XmamKNCT9infoWQ774OOmw%3D%3D&trackingId=vfuhwJ2uyOOL9bFek1wRJQ%3D%3D
Petit Navire,Alternance Assistant(e) Chef de Produit F/H,AI/fintech hire,"Issy-les-Moulineaux, Île-de-France, France",2026-06-20,linkedin,https://fr.linkedin.com/jobs/view/alternance-assistant-e-chef-de-produit-f-h-at-petit-navire-4379871601?position=15&pageNum=0&refId=XmamKNCT9infoWQ774OOmw%3D%3D&trackingId=RuNXhJhvopl0UltzeM1U8Q%3D%3D
Lacoste,STAGE - Assistant-e chef de produit - Sport - Training & Golf (F/H),AI/fintech hire,"Paris, Île-de-France, France",2026-06-20,linkedin,https://fr.linkedin.com/jobs/view/stage-assistant-e-chef-de-produit-sport-training-golf-f-h-at-lacoste-4380903097?position=13&pageNum=0&refId=XmamKNCT9infoWQ774OOmw%3D%3D&trackingId=43I2H20B9nO3qt301lgbGQ%3D%3D
Christian Dior Couture,Assistant Chef de Produit Souliers Homme F/H - STAGE,AI/fintech hire,"Paris, Île-de-France, France",2026-06-20,linkedin,https://fr.linkedin.com/jobs/view/assistant-chef-de-produit-souliers-homme-f-h-stage-at-christian-dior-couture-4380927713?position=14&pageNum=0&refId=XmamKNCT9infoWQ774OOmw%3D%3D&trackingId=irGX1IDvR4HR0r%2BFrgPSKA%3D%3D
Lacoste,STAGE - Assistant(e) Chef de Produit/Sport Tennis F/H,AI/fintech hire,"Paris, Île-de-France, France",2026-06-20,linkedin,https://fr.linkedin.com/jobs/view/stage-assistant-e-chef-de-produit-sport-tennis-f-h-at-lacoste-4380774999?position=12&pageNum=0&refId=XmamKNCT9infoWQ774OOmw%3D%3D&trackingId=B9w1sbIS4OPP1iNaipErXw%3D%3D
Tikamoon,Assistant Chef de Produit - stage,AI/fintech hire,"Englos, Hauts-de-France, France",2026-06-19,linkedin,https://fr.linkedin.com/jobs/view/assistant-chef-de-produit-stage-at-tikamoon-4430953892?position=10&pageNum=0&refId=XmamKNCT9infoWQ774OOmw%3D%3D&trackingId=ZyPB7CN8JyZjBsR5Ai4lEQ%3D%3D
PHOENIX OCP,Stage - Assistant chef de produit (H/F),AI/fintech hire,"St.-Ouen, Île-de-France, France",2026-06-19,linkedin,https://fr.linkedin.com/jobs/view/stage-assistant-chef-de-produit-h-f-at-phoenix-ocp-4430958999?position=11&pageNum=0&refId=XmamKNCT9infoWQ774OOmw%3D%3D&trackingId=biAtVBQ5RzBlJj6QMUq15Q%3D%3D
Lacoste,ALTERNANCE - Assistant(e) Chef de Produit (F/H),AI/fintech hire,"Paris, Île-de-France, France",2026-06-19,linkedin,https://fr.linkedin.com/jobs/view/alternance-assistant-e-chef-de-produit-f-h-at-lacoste-4430969617?position=6&pageNum=0&refId=XmamKNCT9infoWQ774OOmw%3D%3D&trackingId=JDFwd8EYNAgh48B%2FQ1pWcA%3D%3D
OGF,Chef de Produit Junior - Courbevoie H/F,AI/fintech hire,"Courbevoie, Île-de-France, France",2026-06-19,linkedin,https://fr.linkedin.com/jobs/view/chef-de-produit-junior-courbevoie-h-f-at-ogf-4430976752?position=9&pageNum=0&refId=XmamKNCT9infoWQ774OOmw%3D%3D&trackingId=9KDmwvqDKBea6IUBnhAkjQ%3D%3D
LOOM CONSULTING,Chef de produit senior/Cheffe de produit senior,AI/fintech hire,Greater Bordeaux Metropolitan Area,2026-06-19,linkedin,https://fr.linkedin.com/jobs/view/chef-de-produit-senior-cheffe-de-produit-senior-at-loom-consulting-4430972273?position=4&pageNum=0&refId=XmamKNCT9infoWQ774OOmw%3D%3D&trackingId=gXlc9p9p%2BoH%2FLzTpYwHfyw%3D%3D
Western Union,"Director, Digital Product - Europe",AI/fintech hire,"Paris, Île-de-France, France",2026-06-19,linkedin,https://fr.linkedin.com/jobs/view/director-digital-product-europe-at-western-union-4429676975?position=2&pageNum=0&refId=XmamKNCT9infoWQ774OOmw%3D%3D&trackingId=hIonVFskFJRxxR%2FnIgHCPQ%3D%3D
INTERSPORT FRANCE,Chef de produit Licences H/F,AI/fintech hire,"Longjumeau, Île-de-France, France",2026-06-19,linkedin,https://fr.linkedin.com/jobs/view/chef-de-produit-licences-h-f-at-intersport-france-4431146503?position=7&pageNum=0&refId=XmamKNCT9infoWQ774OOmw%3D%3D&trackingId=o1pa%2Bh%2Fl%2Fn9U5l0rCAuM%2FQ%3D%3D
HSBC,"Head of Sales (IMM/IVB), Corporates - Global Payments Solutions (f/m/d)",treasury hire,"Paris, Île-de-France, France",2026-06-20,linkedin,https://fr.linkedin.com/jobs/view/head-of-sales-imm-ivb-corporates-global-payments-solutions-f-m-d-at-hsbc-4418047926?position=3&pageNum=0&refId=XmamKNCT9infoWQ774OOmw%3D%3D&trackingId=b5Yl998kBDSs8BNJEghPZw%3D%3D
Christian Dior Couture,CHEF DE PRODUIT SENIOR MAROQUINERIE HIGH-END FEMME (F/H),AI/fintech hire,"Paris, Île-de-France, France",2026-06-19,linkedin,https://fr.linkedin.com/jobs/view/chef-de-produit-senior-maroquinerie-high-end-femme-f-h-at-christian-dior-couture-4431156060?position=5&pageNum=0&refId=XmamKNCT9infoWQ774OOmw%3D%3D&trackingId=kyMHvYxpmzuEnNxjfVbHEw%3D%3D
TALENTI RARI,CREDIT CONTROLLER,AI/fintech hire,"Villepinte, Île-de-France, France",2026-06-20,linkedin,https://fr.linkedin.com/jobs/view/credit-controller-at-talenti-rari-4425993073?position=59&pageNum=0&refId=mmx3yAjTrgGdSn1KGu%2BHOw%3D%3D&trackingId=r1iZoM4cmKMeBDQG%2FnRP3g%3D%3D
Bitstack,Head of Risk & Compliance,AI/fintech hire,"Paris, Île-de-France, France",2026-06-20,linkedin,https://fr.linkedin.com/jobs/view/head-of-risk-compliance-at-bitstack-4417978072?position=1&pageNum=0&refId=XmamKNCT9infoWQ774OOmw%3D%3D&trackingId=hgvcAytBFnSUqHOICRablw%3D%3D
Rentokil Initial France,Gestionnaire Paie H/F en CDI,AI/fintech hire,"Boulogne-Billancourt, Île-de-France, France",2026-06-19,linkedin,https://fr.linkedin.com/jobs/view/gestionnaire-paie-h-f-en-cdi-at-rentokil-initial-france-4416282047?position=58&pageNum=0&refId=mmx3yAjTrgGdSn1KGu%2BHOw%3D%3D&trackingId=XGKxQ%2Bh3DlW24w9MIntEDA%3D%3D
Sogelink,Chargé(e) de Recouvrement H/F,AI/fintech hire,Greater Lyon Area,2026-06-19,linkedin,https://fr.linkedin.com/jobs/view/charg%C3%A9-e-de-recouvrement-h-f-at-sogelink-4430996192?position=56&pageNum=0&refId=mmx3yAjTrgGdSn1KGu%2BHOw%3D%3D&trackingId=EnUlgUvNAd4RYM38PHnNzg%3D%3D
Edgewell Personal Care,Assistant Chef de Produit H/F,AI/fintech hire,"Rueil-Malmaison, Île-de-France, France",2026-06-20,linkedin,https://fr.linkedin.com/jobs/view/assistant-chef-de-produit-h-f-at-edgewell-personal-care-4411475180?position=8&pageNum=0&refId=XmamKNCT9infoWQ774OOmw%3D%3D&trackingId=ZHF6YY5ub8l6nIOxw4ZN3A%3D%3D
DOCAPOSTE,Gestionnaire Comptabilité Fournisseurs F/H,AI/fintech hire,"Laval, Pays de la Loire, France",2026-06-19,linkedin,https://fr.linkedin.com/jobs/view/gestionnaire-comptabilit%C3%A9-fournisseurs-f-h-at-docaposte-4428247831?position=52&pageNum=0&refId=mmx3yAjTrgGdSn1KGu%2BHOw%3D%3D&trackingId=iatjRXVlW7VyGpp0BSUsAQ%3D%3D
Orléans Métropole,GESTIONNAIRE FINANCIER DES MARCHES PUBLICS H/F,payments hire,"Orléans, Centre-Val de Loire, France",2026-06-19,linkedin,https://fr.linkedin.com/jobs/view/gestionnaire-financier-des-marches-publics-h-f-at-orl%C3%A9ans-m%C3%A9tropole-4423147396?position=55&pageNum=0&refId=mmx3yAjTrgGdSn1KGu%2BHOw%3D%3D&trackingId=2bt2aMQ0xqh3ZjJe21JztQ%3D%3D
Soletanche Bachy,RESPONSABLE ADMINISTRATIF ET FINANCIER - GRANDS PROJETS (H/F),AI/fintech hire,"Rueil-Malmaison, Île-de-France, France",2026-06-20,linkedin,https://fr.linkedin.com/jobs/view/responsable-administratif-et-financier-grands-projets-h-f-at-soletanche-bachy-4431332039?position=53&pageNum=0&refId=mmx3yAjTrgGdSn1KGu%2BHOw%3D%3D&trackingId=waNsnGl9OgOMApR8Dvor%2Fg%3D%3D
VISEO,Manager SAP Finance F/H,AI/fintech hire,"Toulouse, Occitanie, France",2026-06-19,linkedin,https://fr.linkedin.com/jobs/view/manager-sap-finance-f-h-at-viseo-4429688790?position=54&pageNum=0&refId=mmx3yAjTrgGdSn1KGu%2BHOw%3D%3D&trackingId=3OglX9z%2FUMNZVaXYzTBtXw%3D%3D
Renault Group,Manager Consolidation (H/F),AI/fintech hire,"Boulogne-Billancourt, Île-de-France, France",2026-06-19,linkedin,https://fr.linkedin.com/jobs/view/manager-consolidation-h-f-at-renault-group-4429688493?position=51&pageNum=0&refId=mmx3yAjTrgGdSn1KGu%2BHOw%3D%3D&trackingId=DUXwqW5GHKJe4i%2Bz%2BAM4VA%3D%3D
BATIBIG,Chargé(e) de recouvrement - Lyon - H/F,AI/fintech hire,"Villeurbanne, Auvergne-Rhône-Alpes, France",2026-06-19,linkedin,https://fr.linkedin.com/jobs/view/charg%C3%A9-e-de-recouvrement-lyon-h-f-at-batibig-4430020003?position=49&pageNum=0&refId=mmx3yAjTrgGdSn1KGu%2BHOw%3D%3D&trackingId=vdYSW%2BDS0yi%2BuqWzs1wUGw%3D%3D
Worldline,Head of Consolidation (F/H),payments hire,"Puteaux, Île-de-France, France",2026-06-19,linkedin,https://fr.linkedin.com/jobs/view/head-of-consolidation-f-h-at-worldline-4424724705?position=47&pageNum=0&refId=mmx3yAjTrgGdSn1KGu%2BHOw%3D%3D&trackingId=Vf17zA%2FncHzWQAH8GiFTDw%3D%3D
INRAE Occitanie-Toulouse,Adjoint-e responsable dépenses,AI/fintech hire,"Île-de-France, France",2026-06-19,linkedin,https://fr.linkedin.com/jobs/view/adjoint-e-responsable-d%C3%A9penses-at-inrae-occitanie-toulouse-4430967675?position=46&pageNum=0&refId=mmx3yAjTrgGdSn1KGu%2BHOw%3D%3D&trackingId=m9Y5yhvLsO6iKzZPw70DTg%3D%3D
HR Path,Gestionnaire de paie (H/F),AI/fintech hire,Greater Tours Area,2026-06-19,linkedin,https://fr.linkedin.com/jobs/view/gestionnaire-de-paie-h-f-at-hr-path-4428270191?position=50&pageNum=0&refId=mmx3yAjTrgGdSn1KGu%2BHOw%3D%3D&trackingId=GV74YWWOQMRqZ%2B0tdpMx8g%3D%3D
EDF power solutions,Alternance - Trésorier groupe - H/F,treasury hire,"Nanterre, Île-de-France, France",2026-06-19,linkedin,https://fr.linkedin.com/jobs/view/alternance-tr%C3%A9sorier-groupe-h-f-at-edf-power-solutions-4409667063?position=3&pageNum=0&refId=RIQohSnRsBfE6v20mIpmvg%3D%3D&trackingId=%2BjKcGCM3hvm9iEFD1iMy1A%3D%3D
FAUCHÉ,Trésorier H/F,treasury hire,"Montauban, Occitanie, France",2026-06-19,linkedin,https://fr.linkedin.com/jobs/view/tr%C3%A9sorier-h-f-at-fauch%C3%A9-4420452347?position=2&pageNum=0&refId=RIQohSnRsBfE6v20mIpmvg%3D%3D&trackingId=qiS3BVIT%2BM9MzzMRQb%2Bd8w%3D%3D
Groupe Le Duff,Trésorier F/H,treasury hire,"Rennes, Brittany, France",2026-06-20,linkedin,https://fr.linkedin.com/jobs/view/tr%C3%A9sorier-f-h-at-groupe-le-duff-4361806736?position=1&pageNum=0&refId=RIQohSnRsBfE6v20mIpmvg%3D%3D&trackingId=JdP5HD7bLBdve5ZIOtLReg%3D%3D
Livremploi,Responsable comptes clés H/F,AI/fintech hire,"Malakoff, Île-de-France, France",2026-06-20,linkedin,https://fr.linkedin.com/jobs/view/responsable-comptes-cl%C3%A9s-h-f-at-livremploi-4431303325?position=3&pageNum=0&refId=ZKhl0gQg3wGjZQvo25Jzog%3D%3D&trackingId=4ry4Vd5xtJRzLqxbAUeqaQ%3D%3D
Natixis Corporate & Investment Banking,Business Analyst Sophis Equity BPT (F/H),AI/fintech hire,"Paris, Île-de-France, France",2026-06-19,linkedin,https://fr.linkedin.com/jobs/view/business-analyst-sophis-equity-bpt-f-h-at-natixis-corporate-investment-banking-4417952188?position=53&pageNum=0&refId=ZKhl0gQg3wGjZQvo25Jzog%3D%3D&trackingId=sm%2B1pQVgbaCn4RJdLlDHnA%3D%3D
Extia,Business Analyst (H/F),AI/fintech hire,"Montpellier, Occitanie, France",2026-06-20,linkedin,https://fr.linkedin.com/jobs/view/business-analyst-h-f-at-extia-4391377912?position=48&pageNum=0&refId=ZKhl0gQg3wGjZQvo25Jzog%3D%3D&trackingId=OU4r6MxZUD7G4bB8zkkZrw%3D%3D
SOLUTEC,CONSULTANT AMOA / BUSINESS ANALYST (H/F),AI/fintech hire,"Bordeaux, Nouvelle-Aquitaine, France",2026-06-19,linkedin,https://fr.linkedin.com/jobs/view/consultant-amoa-business-analyst-h-f-at-solutec-4430993300?position=47&pageNum=0&refId=ZKhl0gQg3wGjZQvo25Jzog%3D%3D&trackingId=ms4X%2B5%2B23KZrNBW7T38weA%3D%3D
Pileje,Business Analyst,AI/fintech hire,"Paris, Île-de-France, France",2026-06-20,linkedin,https://fr.linkedin.com/jobs/view/business-analyst-at-pileje-4402124232?position=46&pageNum=0&refId=ZKhl0gQg3wGjZQvo25Jzog%3D%3D&trackingId=Ibd6Tc09xNsy1xi7JHh98Q%3D%3D
Dassault Systèmes,Crédit Manager EMEAI (F/H),payments hire,"Vélizy-Villacoublay, Île-de-France, France",2026-06-19,linkedin,https://fr.linkedin.com/jobs/view/cr%C3%A9dit-manager-emeai-f-h-at-dassault-syst%C3%A8mes-4402167347?position=43&pageNum=0&refId=ZKhl0gQg3wGjZQvo25Jzog%3D%3D&trackingId=HWHAvuxr6ngcFUN8tgKenQ%3D%3D
INTÉRIALE Mutuelle,Business analyst,AI/fintech hire,"Paris, Île-de-France, France",2026-06-19,linkedin,https://fr.linkedin.com/jobs/view/business-analyst-at-int%C3%A9riale-mutuelle-4429698768?position=39&pageNum=0&refId=ZKhl0gQg3wGjZQvo25Jzog%3D%3D&trackingId=Tgshz4kI5uyAHSlxIIa8yA%3D%3D
Cargill,Key Account Manager Foodservice H/F,AI/fintech hire,"Île-de-France, France",2026-06-19,linkedin,https://fr.linkedin.com/jobs/view/key-account-manager-foodservice-h-f-at-cargill-4400116629?position=41&pageNum=0&refId=ZKhl0gQg3wGjZQvo25Jzog%3D%3D&trackingId=S4MiVvfYD%2FFzi6aQATd8UA%3D%3D
Logical Conseils,Business Analyst Data - H/F- CDI - Lille,AI/fintech hire,Greater Lille Metropolitan Area,2026-06-19,linkedin,https://fr.linkedin.com/jobs/view/business-analyst-data-h-f-cdi-lille-at-logical-conseils-4430968861?position=42&pageNum=0&refId=ZKhl0gQg3wGjZQvo25Jzog%3D%3D&trackingId=F9Cj2UeGGZqG8nUuFEeTBg%3D%3D
RÉAUTÉ CHOCOLAT,Conseiller de Vente F/H,AI/fintech hire,"Metz, Grand Est, France",2026-06-19,linkedin,https://fr.linkedin.com/jobs/view/conseiller-de-vente-f-h-at-r%C3%A9aut%C3%A9-chocolat-4428278138?position=38&pageNum=0&refId=ZKhl0gQg3wGjZQvo25Jzog%3D%3D&trackingId=HIo2vjqZK7RkCfCMiYCUoQ%3D%3D
GROUPAMA GAN VIE,Business Analyst (QA),AI/fintech hire,"Nanterre, Île-de-France, France",2026-06-19,linkedin,https://fr.linkedin.com/jobs/view/business-analyst-qa-at-groupama-gan-vie-4429694814?position=40&pageNum=0&refId=ZKhl0gQg3wGjZQvo25Jzog%3D%3D&trackingId=ZENjLM5ZyxP4aKRrKbqV%2Fw%3D%3D
,Offre d'emploi Trésorier ou Trésorière Back-Office - #TDFE2026 (H/F),treasury hire,,,tavily,https://candidat.francetravail.fr/offres/recherche/detail/209SGLQ
,Offre d'emploi Trésorier (H/F) - 972 - Martinique - 209DSDR,treasury hire,,,tavily,https://candidat.francetravail.fr/offres/recherche/detail/209DSDR
,Offre d'emploi Trésorier (H/F) - 972 - Le Lamentin - 208RYQP,treasury hire,,,tavily,https://candidat.francetravail.fr/offres/recherche/detail/208RYQP
,Offres d'emploi Commercial - Commerce et distribution - Nancy,payments hire,,,tavily,https://candidat.francetravail.fr/offres/emploi/commercial/nancy/s11m27v41?idOffre=125JFCY%2F1000
,Offre d'emploi Senior Reconciliation Analyst - 94 - 209XXBC,payments hire,,,tavily,https://candidat.francetravail.fr/offres/recherche/detail/209XXBC
,Offre Emploi CDI Responsable Recouvrement & Trésorerie Paris 8e (75) - Recrutement par W Hunt | Hellowork,payments hire,,,tavily,https://www.hellowork.com/fr-fr/emplois/79988509.html
,Offre Emploi CDI Responsable Trésorerie Paris (75) - Recrutement par Worldline | Hellowork,payments hire,,,tavily,https://www.hellowork.com/fr-fr/emplois/75520854.html
,Offre Emploi CDI Responsable Trésorerie et Financement Paris (75) - Recrutement par Præmia REIM | Hellowork,AI/fintech hire,,,tavily,https://www.hellowork.com/fr-fr/emplois/80412262.html
,Agicap Recrutement : Opportunités d’Emploi et Carrière | Hellowork,treasury hire,,,tavily,https://www.hellowork.com/fr-fr/entreprises/agicap-107127.html
,Emploi Product manager Paris (75000) - Plus de 450 Offres - 20 juin 2026 | Hellowork,payments hire,,,tavily,https://www.hellowork.com/fr-fr/emploi/metier_product-manager-ville_paris-75000.html
,Offre Emploi CDI Finance Senior Financial Controller Paris (75) - Recrutement par Flowdesk | Hellowork,AI/fintech hire,,,tavily,https://www.hellowork.com/fr-fr/emplois/78988739.html
Praemia REIM,Responsable Trésorerie et Financement (H/F),AI/fintech hire,"Paris, Île-de-France, France",2026-06-19,linkedin,https://fr.linkedin.com/jobs/view/responsable-tr%C3%A9sorerie-et-financement-h-f-at-praemia-reim-4430986337?position=4&pageNum=0&refId=K6OkKVAWW%2FSod3W5wxt6Rg%3D%3D&trackingId=pImUuVqTbkUWhG%2FPtL%2BbVA%3D%3D
Eviden,SAP Program Director Finance (F/H) - Eviden,AI/fintech hire,"Bezons, Île-de-France, France",2026-06-20,linkedin,https://fr.linkedin.com/jobs/view/sap-program-director-finance-f-h-eviden-at-eviden-4402976364?position=7&pageNum=0&refId=t8DwFmE%2BOlD1aFhZGugNZw%3D%3D&trackingId=77lVDAWQhYcCgb5QoyLAew%3D%3D
RYDGE Conseil,Directeur Restructuring F/H,AI/fintech hire,"Strasbourg, Grand Est, France",2026-06-20,linkedin,https://fr.linkedin.com/jobs/view/directeur-restructuring-f-h-at-rydge-conseil-4420946677?position=44&pageNum=0&refId=v8K1apOddepr9qm9ty90Fg%3D%3D&trackingId=zlZRlwDz1ewmD2l3S76T4Q%3D%3D
showroomprive.com,Key Account Manager Maroquinerie - H/F/X,AI/fintech hire,"St.-Denis, Île-de-France, France",2026-06-19,linkedin,https://fr.linkedin.com/jobs/view/key-account-manager-maroquinerie-h-f-x-at-showroomprive-com-4428294555?position=18&pageNum=0&refId=6TuYCfqk2QhA8RjMbjuKoQ%3D%3D&trackingId=ydcgcWMFwjhNLeNz6mdupg%3D%3D
LA ROSÉE,Chargé(e) de missions comptables - CDI,AI/fintech hire,"Lyon, Auvergne-Rhône-Alpes, France",2026-06-19,linkedin,https://fr.linkedin.com/jobs/view/charg%C3%A9-e-de-missions-comptables-cdi-at-la-ros%C3%A9e-4417939929?position=57&pageNum=0&refId=NDI0aG4sNNsiWutmAWScTQ%3D%3D&trackingId=LCu%2B93H371eYvG8LlS7c0Q%3D%3D
Université de Rennes I,Gestionnaire administratif.ve et financier.e,AI/fintech hire,"Rennes, Brittany, France",2026-06-19,linkedin,https://fr.linkedin.com/jobs/view/gestionnaire-administratif-ve-et-financier-e-at-universit%C3%A9-de-rennes-i-4430016568?position=59&pageNum=0&refId=NDI0aG4sNNsiWutmAWScTQ%3D%3D&trackingId=wFgJKE1Q6rqsd9pnnwq%2B0A%3D%3D
Primexis | Expertise-comptable et conseil opérationnel,Manager en Consolidation/Reporting (H/F),AI/fintech hire,"Puteaux, Île-de-France, France",2026-06-19,linkedin,https://fr.linkedin.com/jobs/view/manager-en-consolidation-reporting-h-f-at-primexis-expertise-comptable-et-conseil-op%C3%A9rationnel-4428274135?position=58&pageNum=0&refId=NDI0aG4sNNsiWutmAWScTQ%3D%3D&trackingId=82HUk7EulprW08F9OkW%2Bmg%3D%3D
Helvetic Payroll,Finance Controler - (f/h),AI/fintech hire,"Puteaux, Île-de-France, France",2026-06-20,linkedin,https://fr.linkedin.com/jobs/view/finance-controler-f-h-at-helvetic-payroll-4428553063?position=55&pageNum=0&refId=NDI0aG4sNNsiWutmAWScTQ%3D%3D&trackingId=mt8Z6%2FZui3eO%2BVq7q9mnaA%3D%3D
Dedomainia,Chargé(e) de Gestion Comptable et Financière,AI/fintech hire,"Bordeaux, Nouvelle-Aquitaine, France",2026-06-19,linkedin,https://fr.linkedin.com/jobs/view/charg%C3%A9-e-de-gestion-comptable-et-financi%C3%A8re-at-dedomainia-4430007711?position=56&pageNum=0&refId=NDI0aG4sNNsiWutmAWScTQ%3D%3D&trackingId=qunag4pw5hgRaQGc8rBvDA%3D%3D
VINCI Energies,Responsable Comptable / RAE / RAF F/H,AI/fintech hire,"Seine-St.-Denis, Île-de-France, France",2026-06-19,linkedin,https://fr.linkedin.com/jobs/view/responsable-comptable-rae-raf-f-h-at-vinci-energies-4431134885?position=51&pageNum=0&refId=NDI0aG4sNNsiWutmAWScTQ%3D%3D&trackingId=5zPToK3XuqzQH7nGEraeJA%3D%3D
Siemens,Finance Senior Business Partner h/f,AI/fintech hire,"Châtillon, Île-de-France, France",2026-06-19,linkedin,https://fr.linkedin.com/jobs/view/finance-senior-business-partner-h-f-at-siemens-4429681689?position=53&pageNum=0&refId=NDI0aG4sNNsiWutmAWScTQ%3D%3D&trackingId=OWtBbDgHLy5U2EJEoIt0TQ%3D%3D
AEROCONTACT,Responsable Contrôle de Gestion  Site de Châtellerault F/H - SAFRAN AIRCRAFT ENGINES FRANCE,AI/fintech hire,"Châtellerault, Nouvelle-Aquitaine, France",2026-06-20,linkedin,https://fr.linkedin.com/jobs/view/responsable-contr%C3%B4le-de-gestion-%C2%96-site-de-ch%C3%A2tellerault-f-h-safran-aircraft-engines-france-at-aerocontact-4431308276?position=50&pageNum=0&refId=NDI0aG4sNNsiWutmAWScTQ%3D%3D&trackingId=uIS69pYIVAAcs0o6nOV4Gg%3D%3D
Thales,Finance Data Manager Deputy,AI/fintech hire,"Vélizy-Villacoublay, Île-de-France, France",2026-06-19,linkedin,https://fr.linkedin.com/jobs/view/finance-data-manager-deputy-at-thales-4420919591?position=48&pageNum=0&refId=NDI0aG4sNNsiWutmAWScTQ%3D%3D&trackingId=VN8%2BFYk1P6kvhxp4cDZLmg%3D%3D
Eiffage Concessions,Responsable Contrôle de Gestion F/H,AI/fintech hire,"Vélizy-Villacoublay, Île-de-France, France",2026-06-20,linkedin,https://fr.linkedin.com/jobs/view/responsable-contr%C3%B4le-de-gestion-f-h-at-eiffage-concessions-4388534275?position=47&pageNum=0&refId=NDI0aG4sNNsiWutmAWScTQ%3D%3D&trackingId=QmKoz4trasuB6TOGI4UYoA%3D%3D
Bel,Comptable bancaire junior CDD (H/F),AI/fintech hire,"Suresnes, Île-de-France, France",2026-06-20,linkedin,https://fr.linkedin.com/jobs/view/comptable-bancaire-junior-cdd-h-f-at-bel-4399939793?position=46&pageNum=0&refId=NDI0aG4sNNsiWutmAWScTQ%3D%3D&trackingId=ogNoSxiHNSb5rvqZzRafJg%3D%3D
Comptalents,Responsable de Contrôle financier H/F,AI/fintech hire,"Chessy, Île-de-France, France",2026-06-19,linkedin,https://fr.linkedin.com/jobs/view/responsable-de-contr%C3%B4le-financier-h-f-at-comptalents-4419968730?position=45&pageNum=0&refId=NDI0aG4sNNsiWutmAWScTQ%3D%3D&trackingId=6BzrTch13ZzY5bLZrK%2FXjw%3D%3D
Siemens,Partenaire Commercial Finance Senior h/f,AI/fintech hire,"Châtillon, Île-de-France, France",2026-06-19,linkedin,https://fr.linkedin.com/jobs/view/partenaire-commercial-finance-senior-h-f-at-siemens-4429682766?position=49&pageNum=0&refId=NDI0aG4sNNsiWutmAWScTQ%3D%3D&trackingId=rE%2BQ7XOIYPb%2Fm4rl3mZvig%3D%3D
Bel,Brand Controlling Manager M/F/X,AI/fintech hire,"Suresnes, Île-de-France, France",2026-06-20,linkedin,https://fr.linkedin.com/jobs/view/brand-controlling-manager-m-f-x-at-bel-4399945752?position=44&pageNum=0&refId=NDI0aG4sNNsiWutmAWScTQ%3D%3D&trackingId=81q5PDxrNXBbi62D3%2FqG1w%3D%3D
Guerlain,Contrôleur de Gestion Industriel Senior - Expert Costing & cycle Stocks (SAP CO-PC) (F/H),AI/fintech hire,"Chartres, Centre-Val de Loire, France",2026-06-20,linkedin,https://fr.linkedin.com/jobs/view/contr%C3%B4leur-de-gestion-industriel-senior-expert-costing-cycle-stocks-sap-co-pc-f-h-at-guerlain-4391506594?position=42&pageNum=0&refId=NDI0aG4sNNsiWutmAWScTQ%3D%3D&trackingId=U%2B5A0MQqd51nXIBRrNGqKA%3D%3D
Orléans Métropole,RÉFÉRENT FINANCIER H/F,AI/fintech hire,"Orléans, Centre-Val de Loire, France",2026-06-19,linkedin,https://fr.linkedin.com/jobs/view/r%C3%A9f%C3%A9rent-financier-h-f-at-orl%C3%A9ans-m%C3%A9tropole-4419268305?position=40&pageNum=0&refId=NDI0aG4sNNsiWutmAWScTQ%3D%3D&trackingId=l97M68lv%2BdOSnkGoBQGm8w%3D%3D
Manutan Group,Contrôleur financier - Economie Circulaire H/F,AI/fintech hire,"Le Bourget, Île-de-France, France",2026-06-20,linkedin,https://fr.linkedin.com/jobs/view/contr%C3%B4leur-financier-economie-circulaire-h-f-at-manutan-group-4422015669?position=43&pageNum=0&refId=NDI0aG4sNNsiWutmAWScTQ%3D%3D&trackingId=Bbq0D2aGPDv5NwUh1wRNOw%3D%3D
Grafton Recruitment,Contrôleur de gestion H/F,AI/fintech hire,"Cestas, Nouvelle-Aquitaine, France",2026-06-19,linkedin,https://fr.linkedin.com/jobs/view/contr%C3%B4leur-de-gestion-h-f-at-grafton-recruitment-4417674178?position=60&pageNum=0&refId=NDI0aG4sNNsiWutmAWScTQ%3D%3D&trackingId=jIfAJnq4C2kyaB2YtXbE%2BA%3D%3D
AEW,Fund controller (F/H) - AEW,AI/fintech hire,"Paris, Île-de-France, France",2026-06-19,linkedin,https://fr.linkedin.com/jobs/view/fund-controller-f-h-aew-at-aew-4428502254?position=38&pageNum=0&refId=NDI0aG4sNNsiWutmAWScTQ%3D%3D&trackingId=4LkZZ%2FY2G3UIRtcRFAWIYA%3D%3D
Hermès,CDI – Responsable / Contrôleur de Gestion Industriel (H/F),AI/fintech hire,"Pantin, Île-de-France, France",2026-06-19,linkedin,https://fr.linkedin.com/jobs/view/cdi-%E2%80%93-responsable-contr%C3%B4leur-de-gestion-industriel-h-f-at-herm%C3%A8s-4419074755?position=39&pageNum=0&refId=NDI0aG4sNNsiWutmAWScTQ%3D%3D&trackingId=G4uKIO6yveT4xKmhU85b9A%3D%3D
Verallia France,Reponsable Controlling & Reporting Groupe H/F,AI/fintech hire,"Courbevoie, Île-de-France, France",2026-06-19,linkedin,https://fr.linkedin.com/jobs/view/reponsable-controlling-reporting-groupe-h-f-at-verallia-france-4428275186?position=34&pageNum=0&refId=NDI0aG4sNNsiWutmAWScTQ%3D%3D&trackingId=BuM831RxcemdGDLaaEjr5Q%3D%3D
Ivry-sur-Seine,Responsable du service Budget comptabilité,AI/fintech hire,"Ivry-sur-Seine, Île-de-France, France",2026-06-19,linkedin,https://fr.linkedin.com/jobs/view/responsable-du-service-budget-comptabilit%C3%A9-at-ivry-sur-seine-4429699754?position=52&pageNum=0&refId=NDI0aG4sNNsiWutmAWScTQ%3D%3D&trackingId=VsA03Ei813J4xFJhAaVoAg%3D%3D
Ville d'Ablon-sur-Seine,Responsable de service financier et marchés publics,AI/fintech hire,"Ablon-sur-Seine, Île-de-France, France",2026-06-19,linkedin,https://fr.linkedin.com/jobs/view/responsable-de-service-financier-et-march%C3%A9s-publics-at-ville-d-ablon-sur-seine-4430977754?position=31&pageNum=0&refId=NDI0aG4sNNsiWutmAWScTQ%3D%3D&trackingId=5O36ZiAgRrM3n3XDftAGTw%3D%3D
"Le Mans Ville, Métropole et CCAS",Responsable du secteur comptable F/H,AI/fintech hire,"Le Mans, Pays de la Loire, France",2026-06-19,linkedin,https://fr.linkedin.com/jobs/view/responsable-du-secteur-comptable-f-h-at-le-mans-ville-m%C3%A9tropole-et-ccas-4430958951?position=29&pageNum=0&refId=NDI0aG4sNNsiWutmAWScTQ%3D%3D&trackingId=4vXHLg43ORPPjUssZBVyJQ%3D%3D
LECLERC LE POIRE SUR VIE,RESPONSABLE COMPTABLE - H/F,AI/fintech hire,"Yerres, Île-de-France, France",2026-06-19,linkedin,https://fr.linkedin.com/jobs/view/responsable-comptable-h-f-at-leclerc-le-poire-sur-vie-4431154077?position=37&pageNum=0&refId=NDI0aG4sNNsiWutmAWScTQ%3D%3D&trackingId=wBGlBvb9VYupdsJpAn2kSg%3D%3D
Nantes Métropole,Gestionnaire Administratif et Financier,AI/fintech hire,"Nantes, Pays de la Loire, France",2026-06-19,linkedin,https://fr.linkedin.com/jobs/view/gestionnaire-administratif-et-financier-at-nantes-m%C3%A9tropole-4430016446?position=26&pageNum=0&refId=NDI0aG4sNNsiWutmAWScTQ%3D%3D&trackingId=PaDODpe1Og04lxEvnw0Psg%3D%3D
Adéquat Interim & Recrutement,Responsable administratif comptable et financier (F/H),AI/fintech hire,"Agen, Nouvelle-Aquitaine, France",2026-06-19,linkedin,https://fr.linkedin.com/jobs/view/responsable-administratif-comptable-et-financier-f-h-at-ad%C3%A9quat-interim-recrutement-4431133193?position=27&pageNum=0&refId=NDI0aG4sNNsiWutmAWScTQ%3D%3D&trackingId=cyjvrrA6HLxarFg7Hltxeg%3D%3D
AESC France,Responsable de la Comptabilité,AI/fintech hire,"Paris, Île-de-France, France",2026-06-19,linkedin,https://fr.linkedin.com/jobs/view/responsable-de-la-comptabilit%C3%A9-at-aesc-france-4429673088?position=32&pageNum=0&refId=NDI0aG4sNNsiWutmAWScTQ%3D%3D&trackingId=nHnrKHntxn5f5UxBRnwfvQ%3D%3D
MORENO CONSULTING,Responsable administratif et financier H/F,AI/fintech hire,"Morbihan, Brittany, France",2026-06-19,linkedin,https://fr.linkedin.com/jobs/view/responsable-administratif-et-financier-h-f-at-moreno-consulting-4428263009?position=24&pageNum=0&refId=NDI0aG4sNNsiWutmAWScTQ%3D%3D&trackingId=qp%2B1tYSR%2BxTaEYuKQiRrbA%3D%3D
RIMOWA,CDI - Contrôleur de Gestion Corporate - F/H,AI/fintech hire,"Paris, Île-de-France, France",2026-06-19,linkedin,https://fr.linkedin.com/jobs/view/cdi-contr%C3%B4leur-de-gestion-corporate-f-h-at-rimowa-4430999147?position=23&pageNum=0&refId=NDI0aG4sNNsiWutmAWScTQ%3D%3D&trackingId=bBu8pNlKjh%2BN10zFbDH1wg%3D%3D
Siemens Energy,Project Administrative and Financial Manager (CPM),AI/fintech hire,"Grenoble, Auvergne-Rhône-Alpes, France",2026-06-20,linkedin,https://fr.linkedin.com/jobs/view/project-administrative-and-financial-manager-cpm-at-siemens-energy-4402154652?position=25&pageNum=0&refId=NDI0aG4sNNsiWutmAWScTQ%3D%3D&trackingId=wt6OflV1OhUyUeKdZ1sCNQ%3D%3D
Hermès,CDD - RESPONSABLE COMPTABILITE GENERALE ET FISCALITE H/F,AI/fintech hire,"Pantin, Île-de-France, France",2026-06-20,linkedin,https://fr.linkedin.com/jobs/view/cdd-responsable-comptabilite-generale-et-fiscalite-h-f-at-herm%C3%A8s-4380009747?position=20&pageNum=0&refId=NDI0aG4sNNsiWutmAWScTQ%3D%3D&trackingId=M2NX2yBlEpNSotxuHAdWFg%3D%3D
Geostock,Responsable administratif et financier F/H,AI/fintech hire,"Manosque, Provence-Alpes-Côte d'Azur, France",2026-06-20,linkedin,https://fr.linkedin.com/jobs/view/responsable-administratif-et-financier-f-h-at-geostock-4430146970?position=19&pageNum=0&refId=NDI0aG4sNNsiWutmAWScTQ%3D%3D&trackingId=cvxQdFHZQf1bpdUXr3JqRQ%3D%3D
SAYCO - Cabinet de recrutement,Responsable Administratif et Financier H/F,AI/fintech hire,"Étaples, Hauts-de-France, France",2026-06-19,linkedin,https://fr.linkedin.com/jobs/view/responsable-administratif-et-financier-h-f-at-sayco-cabinet-de-recrutement-4431150160?position=18&pageNum=0&refId=NDI0aG4sNNsiWutmAWScTQ%3D%3D&trackingId=gwTNTA20jn90CJkizzxM8Q%3D%3D
France Travail,Responsable administratif comptable et financier (F/H),AI/fintech hire,"Agen, Nouvelle-Aquitaine, France",2026-06-19,linkedin,https://fr.linkedin.com/jobs/view/responsable-administratif-comptable-et-financier-f-h-at-france-travail-4430033246?position=11&pageNum=0&refId=NDI0aG4sNNsiWutmAWScTQ%3D%3D&trackingId=KaauQlJ9zdknnE1KydbnyQ%3D%3D
France Travail,Responsable administratif(ve) et financier(ière) (H/F),AI/fintech hire,"Grenoble, Auvergne-Rhône-Alpes, France",2026-06-19,linkedin,https://fr.linkedin.com/jobs/view/responsable-administratif-ve-et-financier-i%C3%A8re-h-f-at-france-travail-4430984999?position=10&pageNum=0&refId=NDI0aG4sNNsiWutmAWScTQ%3D%3D&trackingId=ivcIdDRwwuK4YKsZPQYStQ%3D%3D
EURODIA,RESPONSABLE COMPTABLE H/F,AI/fintech hire,"Pertuis, Provence-Alpes-Côte d'Azur, France",2026-06-20,linkedin,https://fr.linkedin.com/jobs/view/responsable-comptable-h-f-at-eurodia-4390355790?position=21&pageNum=0&refId=NDI0aG4sNNsiWutmAWScTQ%3D%3D&trackingId=7oGleVAk32z7j9mZTbHzWg%3D%3D
Cegid,Responsable clients grands comptes SIRH Paie - F/H/NB,AI/fintech hire,"Villeneuve-d’Ascq, Hauts-de-France, France",2026-06-20,linkedin,https://fr.linkedin.com/jobs/view/responsable-clients-grands-comptes-sirh-paie-f-h-nb-at-cegid-4421203432?position=1&pageNum=0&refId=UUHOMPF4c39JGnhZmRuuMA%3D%3D&trackingId=KJDLKUeuMUrQZ6UoUOKm3w%3D%3D
Mangopay,Senior Product Manager (Echo),payments hire,"Paris, Île-de-France, France",2026-06-19,linkedin,https://fr.linkedin.com/jobs/view/senior-product-manager-echo-at-mangopay-4430980759?position=59&pageNum=0&refId=UUHOMPF4c39JGnhZmRuuMA%3D%3D&trackingId=2ZLV84SYNxq%2FZE%2B%2BYxZBrA%3D%3D
Ayming,Team Leader Comptabilité Auxiliaire Clients et Fournisseurs H/F,payments hire,"Levallois-Perret, Île-de-France, France",2026-06-19,linkedin,https://fr.linkedin.com/jobs/view/team-leader-comptabilit%C3%A9-auxiliaire-clients-et-fournisseurs-h-f-at-ayming-4389607373?position=2&pageNum=0&refId=UUHOMPF4c39JGnhZmRuuMA%3D%3D&trackingId=%2Ba2UlmgzAERp0flgKQ%2BeSQ%3D%3D
PHARMELIS,Key Account Manager Pharmaceutique,AI/fintech hire,"Paris, Île-de-France, France",2026-06-19,linkedin,https://fr.linkedin.com/jobs/view/key-account-manager-pharmaceutique-at-pharmelis-4428254825?position=60&pageNum=0&refId=UUHOMPF4c39JGnhZmRuuMA%3D%3D&trackingId=OC5r4M%2B2As4UzQerBZWLuA%3D%3D
Mirakl,Senior Product Manager Retail Media,AI/fintech hire,"Bordeaux, Nouvelle-Aquitaine, France",2026-06-19,linkedin,https://fr.linkedin.com/jobs/view/senior-product-manager-retail-media-at-mirakl-4417922853?position=55&pageNum=0&refId=UUHOMPF4c39JGnhZmRuuMA%3D%3D&trackingId=yT%2FqATyO7XLtI5b5wzIvTQ%3D%3D
Liebherr Group,Business Analyst ERP (H/F),AI/fintech hire,"Colmar, Grand Est, France",2026-06-19,linkedin,https://fr.linkedin.com/jobs/view/business-analyst-erp-h-f-at-liebherr-group-4379188220?position=58&pageNum=0&refId=UUHOMPF4c39JGnhZmRuuMA%3D%3D&trackingId=UPPz%2BnRu3JAyXoIwEae2Ow%3D%3D
SQLI,Business Analyst / Consultant E-Commerce (H/F),AI/fintech hire,"Levallois-Perret, Île-de-France, France",2026-06-19,linkedin,https://fr.linkedin.com/jobs/view/business-analyst-consultant-e-commerce-h-f-at-sqli-4390330065?position=57&pageNum=0&refId=UUHOMPF4c39JGnhZmRuuMA%3D%3D&trackingId=uvYtqz%2F3hyl6om4Dz3HMtQ%3D%3D
eXalt,Business Analyst @eXalt Ouest,AI/fintech hire,"Nantes, Pays de la Loire, France",2026-06-19,linkedin,https://fr.linkedin.com/jobs/view/business-analyst-%40exalt-ouest-at-exalt-4420550474?position=53&pageNum=0&refId=UUHOMPF4c39JGnhZmRuuMA%3D%3D&trackingId=leKPL5l3abmyE9O%2F99L%2B8A%3D%3D
Free-Work,Business Analyst,AI/fintech hire,"Montpellier, Occitanie, France",2026-06-19,linkedin,https://fr.linkedin.com/jobs/view/business-analyst-at-free-work-4428241997?position=52&pageNum=0&refId=UUHOMPF4c39JGnhZmRuuMA%3D%3D&trackingId=zTV7wAuYOMx3SIRgS4i9JA%3D%3D
Orange Business,Business Analyst CRM Dynamics F/H,AI/fintech hire,"Nanterre, Île-de-France, France",2026-06-19,linkedin,https://fr.linkedin.com/jobs/view/business-analyst-crm-dynamics-f-h-at-orange-business-4361421605?position=54&pageNum=0&refId=UUHOMPF4c39JGnhZmRuuMA%3D%3D&trackingId=7ck0ZXZkuB3EGrtrB7slyg%3D%3D
MAIF,Business Analyst F/H,AI/fintech hire,"Niort, Nouvelle-Aquitaine, France",2026-06-19,linkedin,https://fr.linkedin.com/jobs/view/business-analyst-f-h-at-maif-4431101319?position=51&pageNum=0&refId=UUHOMPF4c39JGnhZmRuuMA%3D%3D&trackingId=UZouFZYT1%2FHWCIGun72uCg%3D%3D
Crédit Agricole Technologies et Services,Business Analyst (F/H),AI/fintech hire,"Lyon, Auvergne-Rhône-Alpes, France",2026-06-20,linkedin,https://fr.linkedin.com/jobs/view/business-analyst-f-h-at-cr%C3%A9dit-agricole-technologies-et-services-4390156755?position=27&pageNum=0&refId=UUHOMPF4c39JGnhZmRuuMA%3D%3D&trackingId=wyuHaTQeq5FinIWvajk5bA%3D%3D
Nabla,Senior Product Manager - Ambient Speech,AI/fintech hire,"Paris, Île-de-France, France",2026-06-19,linkedin,https://fr.linkedin.com/jobs/view/senior-product-manager-ambient-speech-at-nabla-4428293344?position=26&pageNum=0&refId=UUHOMPF4c39JGnhZmRuuMA%3D%3D&trackingId=J0MVRe67PuUT1%2BojCCg0Iw%3D%3D
eXalt,Business Analyst / AMOA @eXalt Niort,AI/fintech hire,"Nantes, Pays de la Loire, France",2026-06-19,linkedin,https://fr.linkedin.com/jobs/view/business-analyst-amoa-%40exalt-niort-at-exalt-4419758690?position=28&pageNum=0&refId=UUHOMPF4c39JGnhZmRuuMA%3D%3D&trackingId=FlGCN2F3r1JltBwn9pOIyw%3D%3D
RED TIC,BUSINESS ANALYST,AI/fintech hire,"Marseille, Provence-Alpes-Côte d'Azur, France",2026-06-20,linkedin,https://fr.linkedin.com/jobs/view/business-analyst-at-red-tic-4431322479?position=24&pageNum=0&refId=UUHOMPF4c39JGnhZmRuuMA%3D%3D&trackingId=y%2FdRCXm8AHVbVJnwvqSPxg%3D%3D
Roche,Key Account Manager Comptes Publics - Paris (d/f/m),AI/fintech hire,"Paris, Île-de-France, France",2026-06-19,linkedin,https://fr.linkedin.com/jobs/view/key-account-manager-comptes-publics-paris-d-f-m-at-roche-4420618766?position=22&pageNum=0&refId=UUHOMPF4c39JGnhZmRuuMA%3D%3D&trackingId=dLDT4IKtA0IxKdxnR4Iy%2BQ%3D%3D
L'Usine Nouvelle,Key Account Manager (F/H) - Industrie Pharmaceutique,AI/fintech hire,"Montpellier, Occitanie, France",2026-06-19,linkedin,https://fr.linkedin.com/jobs/view/key-account-manager-f-h-industrie-pharmaceutique-at-l-usine-nouvelle-4428245956?position=20&pageNum=0&refId=UUHOMPF4c39JGnhZmRuuMA%3D%3D&trackingId=ISzKG9Dcqifp8gAE3f4EHQ%3D%3D
Huxley,MOA / BA  Data (Banque | Transactions & réglementaire & KYC),payments hire,"Paris, Île-de-France, France",2026-06-19,linkedin,https://fr.linkedin.com/jobs/view/moa-ba-data-banque-transactions-r%C3%A9glementaire-kyc-at-huxley-4431106209?position=19&pageNum=0&refId=UUHOMPF4c39JGnhZmRuuMA%3D%3D&trackingId=0v2L2Qw6dD8SdisYpjHFWA%3D%3D
Okara,Business Analyst confirmé (H/F),AI/fintech hire,"Lille, Hauts-de-France, France",2026-06-19,linkedin,https://fr.linkedin.com/jobs/view/business-analyst-confirm%C3%A9-h-f-at-okara-4424715662?position=18&pageNum=0&refId=UUHOMPF4c39JGnhZmRuuMA%3D%3D&trackingId=cY7EReoWmUrD%2FGX72SkwHA%3D%3D
IT Link Group,Ingénieur Logiciel Bas Niveau - Linux et Virtualisation (F/H/X),AI/fintech hire,"Lyon, Auvergne-Rhône-Alpes, France",2026-06-19,linkedin,https://fr.linkedin.com/jobs/view/ing%C3%A9nieur-logiciel-bas-niveau-linux-et-virtualisation-f-h-x-at-it-link-group-4402125720?position=23&pageNum=0&refId=UUHOMPF4c39JGnhZmRuuMA%3D%3D&trackingId=yMpJKP4Okspe%2F9Iq90MCmQ%3D%3D
Talan,Consultant Business Analyst - Secteur Banque (H/F),AI/fintech hire,"Montpellier, Occitanie, France",2026-06-19,linkedin,https://fr.linkedin.com/jobs/view/consultant-business-analyst-secteur-banque-h-f-at-talan-4421738514?position=17&pageNum=0&refId=UUHOMPF4c39JGnhZmRuuMA%3D%3D&trackingId=0xUUP4ZPfL3EFcex%2B5i59w%3D%3D
Palatine,Chargé d'affaires PRI grands comptes (h/f),AI/fintech hire,"Paris, Île-de-France, France",2026-06-19,linkedin,https://fr.linkedin.com/jobs/view/charg%C3%A9-d-affaires-pri-grands-comptes-h-f-at-palatine-4390574353?position=12&pageNum=0&refId=UUHOMPF4c39JGnhZmRuuMA%3D%3D&trackingId=ToAtZB6ha9NnUy23SkjQYQ%3D%3D
NEXTON,Business Analyst ServiceNow H/F,AI/fintech hire,"Paris, Île-de-France, France",2026-06-20,linkedin,https://fr.linkedin.com/jobs/view/business-analyst-servicenow-h-f-at-nexton-4402361865?position=14&pageNum=0&refId=UUHOMPF4c39JGnhZmRuuMA%3D%3D&trackingId=iZIaNhMhDcVAfFClJG9odA%3D%3D
Theodo,Key Account Manager - CDI Paris - Theodo Data & IA,AI/fintech hire,Greater Paris Metropolitan Region,2026-06-19,linkedin,https://fr.linkedin.com/jobs/view/key-account-manager-cdi-paris-theodo-data-ia-at-theodo-4423367516?position=13&pageNum=0&refId=UUHOMPF4c39JGnhZmRuuMA%3D%3D&trackingId=N3xQ%2FsZu1guB1m55HDIw3Q%3D%3D
,Offre d'emploi TRESORIER (H/F) - 92 - Puteaux - 209FRGQ | France Travail,treasury hire,,,tavily,https://candidat.francetravail.fr/offres/recherche/detail/209FRGQ
,Offre d'emploi TRESORIER (H/F) - 92 - PUTEAUX - 208WDCC,treasury hire,,,tavily,https://candidat.francetravail.fr/offres/recherche/detail/208WDCC
,Offre n° 208RYBM 1 RESPONSABLE TRESORERIE (H/F),treasury hire,,,tavily,https://candidat.francetravail.fr/offres/recherche/detail/208RYBM
,Offre d'emploi Trésorier (H/F) - 13 - MEYREUIL - 209VXCW,treasury hire,,,tavily,https://candidat.francetravail.fr/offres/recherche/detail/209VXCW
,Offre n° 208DZBH Technico-Commercial(e) Secteur agricole H/F (H/F),payments hire,,,tavily,https://candidat.francetravail.fr/offres/recherche/detail/208DZBH
,Offre n° 209QYCB Assistant commercial f/h en alternance,payments hire,,,tavily,https://candidat.francetravail.fr/offres/recherche/detail/209QYCB
,Offre d'emploi Technico-commercial H/F extincteur sécurité incendie ...,payments hire,,,tavily,https://candidat.francetravail.fr/offres/recherche/detail/204MMBX
,Responsable Trésorerie H/F Harry Hope - Hellowork,treasury hire,,,tavily,https://www.hellowork.com/fr-fr/emplois/79789098.html
,Offre Emploi CDI Responsable Trésorerie Paris (75) - Hellowork,payments hire,,,tavily,https://www.hellowork.com/fr-fr/emplois/75520854.html
,Offre Emploi CDI Responsable Trésorerie et Financement Paris (75),AI/fintech hire,,,tavily,https://www.hellowork.com/fr-fr/emplois/80412262.html
,Offre Emploi CDI Responsable Trésorerie Groupe Poitiers (86) - Recrutement par NACIMUT | Hellowork,payments hire,,,tavily,https://www.hellowork.com/fr-fr/emplois/79529788.html
,Offre Emploi CDI Payment Senior Product Manager Paris (75),payments hire,,,tavily,https://www.hellowork.com/fr-fr/emplois/80432332.html
,Payment Product Manager - Transaction Risk - Swan.Io H/F,payments hire,,,tavily,https://www.hellowork.com/fr-fr/emplois/80003154.html
,IT SAP Finance And Controlling Domain Lead Suresnes Fr 92150 H/F,payments hire,,,tavily,https://www.hellowork.com/fr-fr/emplois/75178771.html
